{
  "accuracy": 0.7656486723546767,
  "precision": 0.5162856564839167,
  "recall": 0.8232258064516129,
  "f1_score": 0.6345890836752456,
  "roc_auc": 0.8600524821386473,
  "cv_best_f1": 0.640093650843831
}